#BGC Name	Family Number
GCF_000294755.1_VH01_genomic-NZ_ALEF01000042.1.region001	0
GCF_000709085.1_Virgibacillus_alimentarius_J18_genomic-NZ_JFBD01000004.1.region001	14
GCF_017874635.1_ASM1787463v1_genomic-NZ_JAGIKX010000014.1.region001	14
GCF_035301465.1_ASM3530146v1_genomic-NZ_DATGUE010000167.1.region001	14
GCF_042676205.1_ASM4267620v1_genomic-NZ_JBHTJY010000023.1.region001	14
GCF_000709085.1_Virgibacillus_alimentarius_J18_genomic-NZ_JFBD01000019.1.region001	15
GCF_017874635.1_ASM1787463v1_genomic-NZ_JAGIKX010000033.1.region001	15
GCF_035301465.1_ASM3530146v1_genomic-NZ_DATGUE010000042.1.region001	15
GCF_042676205.1_ASM4267620v1_genomic-NZ_JBHTJY010000012.1.region001	15
GCF_000709085.1_Virgibacillus_alimentarius_J18_genomic-NZ_JFBD01000095.1.region001	18
GCF_000445495.1_Version_1_of_the_Virgibacillus_hongkongensis_CM-4_genome_genomic-NZ_AUQA01000002.1.region002	21
GCF_000723585.1_PRJEB5515_assembly_1_genomic-NZ_CCDP010000001.1.region001	21
GCF_009856235.1_ASM985623v1_genomic-NZ_WMER01000001.1.region002	21
GCF_014647615.1_ASM1464761v1_genomic-NZ_BMPN01000003.1.region001	21
GCF_014905415.1_ASM1490541v1_genomic-NZ_BNEO01000001.1.region002	21
GCF_902375355.1_MGYG-HGUT-01470_genomic-NZ_CABKTK010000001.1.region001	21
GCF_000445495.1_Version_1_of_the_Virgibacillus_hongkongensis_CM-4_genome_genomic-NZ_AUQA01000002.1.region001	22
GCF_000723585.1_PRJEB5515_assembly_1_genomic-NZ_CCDP010000001.1.region002	22
GCF_009856235.1_ASM985623v1_genomic-NZ_WMER01000001.1.region001	22
GCF_014647615.1_ASM1464761v1_genomic-NZ_BMPN01000003.1.region002	22
GCF_014905415.1_ASM1490541v1_genomic-NZ_BNEO01000001.1.region001	22
GCF_902375355.1_MGYG-HGUT-01470_genomic-NZ_CABKTK010000001.1.region002	22
GCF_000445495.1_Version_1_of_the_Virgibacillus_hongkongensis_CM-4_genome_genomic-NZ_AUQA01000006.1.region001	23
GCF_000723585.1_PRJEB5515_assembly_1_genomic-NZ_CCDP010000001.1.region003	23
GCF_009856235.1_ASM985623v1_genomic-NZ_WMER01000002.1.region001	23
GCF_014647615.1_ASM1464761v1_genomic-NZ_BMPN01000001.1.region002	23
GCF_014905415.1_ASM1490541v1_genomic-NZ_BNEO01000002.1.region004	23
GCF_902375355.1_MGYG-HGUT-01470_genomic-NZ_CABKTK010000001.1.region003	23
GCF_000445495.1_Version_1_of_the_Virgibacillus_hongkongensis_CM-4_genome_genomic-NZ_AUQA01000008.1.region001	28
GCF_000723585.1_PRJEB5515_assembly_1_genomic-NZ_CCDP010000003.1.region001	28
GCF_009856235.1_ASM985623v1_genomic-NZ_WMER01000007.1.region001	28
GCF_018603665.1_ASM1860366v1_genomic-NZ_JAHFZL010000031.1.region001	28
GCF_902375355.1_MGYG-HGUT-01470_genomic-NZ_CABKTK010000003.1.region001	28
GCF_000294755.1_VH01_genomic-NZ_ALEF01000064.1.region001	29
GCF_000725285.1_ASM72528v1_genomic-NZ_CP007161.1.region001	29
GCF_001310895.1_ASM131089v1_genomic-NZ_BAZS01000027.1.region001	29
GCF_001878675.1_ASM187867v1_genomic-NZ_CP017962.1.region001	29
GCF_003667805.1_ASM366780v1_genomic-NZ_CP033049.1.region005	29
GCF_009856265.1_ASM985626v1_genomic-NZ_WMES01000002.1.region001	29
GCF_014656855.1_ASM1465685v1_genomic-NZ_JACWEZ010000003.1.region001	29
GCF_021391295.1_ASM2139129v1_genomic-NZ_CP090006.1.region001	29
GCF_021991675.1_ASM2199167v1_genomic-NZ_JAGFLZ010000033.1.region001	29
GCF_022810285.1_ASM2281028v1_genomic-NZ_JALGRC010000005.1.region001	29
GCF_030122745.1_ASM3012274v1_genomic-NZ_CP126077.1.region005	29
GCF_035812655.1_ASM3581265v1_genomic-NZ_JARSOU010000001.1.region001	29
GCF_900162105.1_PRJEB19297_genomic-NZ_FUHR01000008.1.region002	29
GCF_000821245.2_ASM82124v2_genomic-NZ_LN611424.1.region001	34
GCF_002216775.1_ASM221677v1_genomic-NZ_CP022315.1.region001	58
GCF_049310925.1_ASM4931092v1_genomic-NZ_JBMERP010000026.1.region001	58
GCF_050574275.1_ASM5057427v1_genomic-NZ_CP192260.1.region001	58
GCF_002216775.1_ASM221677v1_genomic-NZ_CP022315.1.region006	63
GCF_002224365.1_ASM222436v1_genomic-NZ_CP022437.1.region005	63
GCF_042643265.1_ASM4264326v1_genomic-NZ_JBHRRZ010000036.1.region001	63
GCF_002224365.1_ASM222436v1_genomic-NZ_CP022437.1.region007	70
GCF_002266285.1_ASM226628v1_genomic-NZ_NPMS01000002.1.region001	81
GCF_002287375.1_ASM228737v1_genomic-NZ_NPOA01000001.1.region001	81
GCF_002807645.1_ASM280764v1_genomic-NZ_NPMW01000001.1.region001	81
GCF_002287375.1_ASM228737v1_genomic-NZ_NPOA01000010.1.region001	84
GCF_002807645.1_ASM280764v1_genomic-NZ_NPMW01000010.1.region001	84
GCF_000821245.2_ASM82124v2_genomic-NZ_LN611423.1.region001	85
GCF_002287375.1_ASM228737v1_genomic-NZ_NPOA01000016.1.region001	85
GCF_002807645.1_ASM280764v1_genomic-NZ_NPMW01000016.1.region001	85
GCF_003399705.1_ASM339970v1_genomic-NZ_NFZX01000053.1.region001	95
GCF_003667785.1_ASM366778v1_genomic-NZ_CP033046.1.region007	103
GCF_003667805.1_ASM366780v1_genomic-NZ_CP033050.1.region001	111
GCF_007667105.1_ASM766710v1_genomic-NZ_VDQL01000008.1.region001	124
GCF_007673165.1_ASM767316v1_genomic-NZ_VDZE01000022.1.region001	124
GCF_008764355.1_FS261_genomic-NZ_VTRA01000009.1.region001	124
GCF_007667105.1_ASM766710v1_genomic-NZ_VDQL01000016.1.region001	125
GCF_007673165.1_ASM767316v1_genomic-NZ_VDZE01000018.1.region001	125
GCF_008764355.1_FS261_genomic-NZ_VTRA01000018.1.region001	125
GCF_007667105.1_ASM766710v1_genomic-NZ_VDQL01000026.1.region001	126
GCF_007673165.1_ASM767316v1_genomic-NZ_VDZE01000031.1.region001	126
GCF_008764355.1_FS261_genomic-NZ_VTRA01000019.1.region001	126
GCF_007667105.1_ASM766710v1_genomic-NZ_VDQL01000088.1.region001	127
GCF_007673165.1_ASM767316v1_genomic-NZ_VDZE01000113.1.region001	127
GCF_008764355.1_FS261_genomic-NZ_VTRA01000053.1.region001	127
GCF_010994035.1_ASM1099403v1_genomic-NZ_WIXN01000006.1.region001	148
GCF_002266285.1_ASM226628v1_genomic-NZ_NPMS01000001.1.region001	150
GCF_010994035.1_ASM1099403v1_genomic-NZ_WIXN01000013.1.region002	150
GCF_002849835.1_ASM284983v1_genomic-NZ_CP018622.1.region003	153
GCF_003399705.1_ASM339970v1_genomic-NZ_NFZX01000068.1.region001	153
GCF_003667845.1_ASM366784v1_genomic-NZ_CP033048.1.region004	153
GCF_013393565.1_ASM1339356v1_genomic-NZ_JABXHF010000038.1.region001	153
GCF_036543105.1_ASM3654310v1_genomic-NZ_JAZHPM010000013.1.region001	153
GCF_900129865.1_IMG-taxon_2675903063_annotated_assembly_genomic-NZ_FQXD01000023.1.region001	153
GCF_900166595.1_PRJEB19411_genomic-NZ_LT745763.1.region001	153
GCF_013393565.1_ASM1339356v1_genomic-NZ_JABXHF010000101.1.region001	156
GCF_014638995.1_ASM1463899v1_genomic-NZ_BMFR01000016.1.region001	160
GCF_900187325.1_PRJEB20996_genomic-NZ_FZMZ01000004.1.region003	160
GCF_002216775.1_ASM221677v1_genomic-NZ_CP022315.1.region005	161
GCF_002224365.1_ASM222436v1_genomic-NZ_CP022437.1.region002	161
GCF_014638995.1_ASM1463899v1_genomic-NZ_BMFR01000031.1.region001	161
GCF_900187325.1_PRJEB20996_genomic-NZ_FZMZ01000004.1.region001	161
GCF_000445495.1_Version_1_of_the_Virgibacillus_hongkongensis_CM-4_genome_genomic-NZ_AUQA01000006.1.region004	176
GCF_000723585.1_PRJEB5515_assembly_1_genomic-NZ_CCDP010000002.1.region002	176
GCF_009856235.1_ASM985623v1_genomic-NZ_WMER01000002.1.region004	176
GCF_014647615.1_ASM1464761v1_genomic-NZ_BMPN01000009.1.region001	176
GCF_014905415.1_ASM1490541v1_genomic-NZ_BNEO01000002.1.region001	176
GCF_902375355.1_MGYG-HGUT-01470_genomic-NZ_CABKTK010000002.1.region002	176
GCF_000445495.1_Version_1_of_the_Virgibacillus_hongkongensis_CM-4_genome_genomic-NZ_AUQA01000006.1.region003	177
GCF_000723585.1_PRJEB5515_assembly_1_genomic-NZ_CCDP010000002.1.region001	177
GCF_009856235.1_ASM985623v1_genomic-NZ_WMER01000002.1.region003	177
GCF_014647615.1_ASM1464761v1_genomic-NZ_BMPN01000009.1.region002	177
GCF_014905415.1_ASM1490541v1_genomic-NZ_BNEO01000002.1.region002	177
GCF_900162615.1_PRJEB6464_genomic-NZ_FUFN01000010.1.region004	177
GCF_902375355.1_MGYG-HGUT-01470_genomic-NZ_CABKTK010000002.1.region001	177
GCF_000445495.1_Version_1_of_the_Virgibacillus_hongkongensis_CM-4_genome_genomic-NZ_AUQA01000006.1.region002	178
GCF_000723585.1_PRJEB5515_assembly_1_genomic-NZ_CCDP010000001.1.region004	178
GCF_000821245.2_ASM82124v2_genomic-NZ_LN611425.1.region001	178
GCF_009856235.1_ASM985623v1_genomic-NZ_WMER01000002.1.region002	178
GCF_014647615.1_ASM1464761v1_genomic-NZ_BMPN01000001.1.region001	178
GCF_014905415.1_ASM1490541v1_genomic-NZ_BNEO01000002.1.region003	178
GCF_902375355.1_MGYG-HGUT-01470_genomic-NZ_CABKTK010000001.1.region004	178
GCF_000445495.1_Version_1_of_the_Virgibacillus_hongkongensis_CM-4_genome_genomic-NZ_AUQA01000001.1.region001	180
GCF_000723585.1_PRJEB5515_assembly_1_genomic-NZ_CCDP010000002.1.region003	180
GCF_009856235.1_ASM985623v1_genomic-NZ_WMER01000005.1.region001	180
GCF_010994035.1_ASM1099403v1_genomic-NZ_WIXN01000001.1.region001	180
GCF_014647615.1_ASM1464761v1_genomic-NZ_BMPN01000005.1.region001	180
GCF_014905415.1_ASM1490541v1_genomic-NZ_BNEO01000005.1.region001	180
GCF_902375355.1_MGYG-HGUT-01470_genomic-NZ_CABKTK010000002.1.region003	180
GCF_016908515.1_ASM1690851v1_genomic-NZ_JAFBEA010000001.1.region002	182
GCF_003667785.1_ASM366778v1_genomic-NZ_CP033046.1.region009	187
GCF_016919725.2_ASM1691972v2_genomic-NZ_JAJERH010000003.1.region001	187
GCF_018139605.1_ASM1813960v1_genomic-NZ_JAGSOT010000001.1.region001	187
GCF_039521925.1_ASM3952192v1_genomic-NZ_BAAACY010000033.1.region001	187
GCF_947495635.1_4-139.fasta_genomic-NZ_CANMAB010000038.1.region001	187
GCF_947496135.1_145.fasta_genomic-NZ_CANMBQ010000037.1.region001	187
GCF_947496945.1_4-1022-2-3Z.fasta_genomic-NZ_CANMEY010000138.1.region001	187
GCF_016919725.2_ASM1691972v2_genomic-NZ_JAJERH010000048.1.region001	190
GCF_018139605.1_ASM1813960v1_genomic-NZ_JAGSOT010000039.1.region001	190
GCF_039521925.1_ASM3952192v1_genomic-NZ_BAAACY010000025.1.region001	190
GCF_947495635.1_4-139.fasta_genomic-NZ_CANMAB010000041.1.region001	190
GCF_947496135.1_145.fasta_genomic-NZ_CANMBQ010000041.1.region001	190
GCF_947496945.1_4-1022-2-3Z.fasta_genomic-NZ_CANMEY010000058.1.region001	190
GCF_003667785.1_ASM366778v1_genomic-NZ_CP033046.1.region003	191
GCF_016919725.2_ASM1691972v2_genomic-NZ_JAJERH010000054.1.region001	191
GCF_018139605.1_ASM1813960v1_genomic-NZ_JAGSOT010000025.1.region001	191
GCF_027941815.1_ASM2794181v1_genomic-NZ_CP115959.1.region007	191
GCF_016919725.2_ASM1691972v2_genomic-NZ_JAJERH010000066.1.region001	194
GCF_016919725.2_ASM1691972v2_genomic-NZ_JAJERH010000147.1.region001	197
GCF_947495635.1_4-139.fasta_genomic-NZ_CANMAB010000191.1.region001	197
GCF_947496135.1_145.fasta_genomic-NZ_CANMBQ010000197.1.region001	197
GCF_947496945.1_4-1022-2-3Z.fasta_genomic-NZ_CANMEY010000179.1.region001	197
GCF_001189575.1_ASM118957v1_genomic-NZ_LGTO01000007.1.region005	215
GCF_001895305.1_ASM189530v1_genomic-NZ_CP017762.1.region001	215
GCF_018075365.1_ASM1807536v1_genomic-NZ_CP073011.1.region001	215
GCF_018383555.1_ASM1838355v1_genomic-NZ_JAHAMJ010000002.1.region001	215
GCF_036219765.1_ASM3621976v1_genomic-NZ_JARMSE010000150.1.region001	215
GCF_900156795.1_IMG-taxon_2681813560_annotated_assembly_genomic-NZ_FTOS01000024.1.region001	215
GCF_016919725.2_ASM1691972v2_genomic-NZ_JAJERH010000137.1.region001	229
GCF_018139605.1_ASM1813960v1_genomic-NZ_JAGSOT010000115.1.region001	229
GCF_039521925.1_ASM3952192v1_genomic-NZ_BAAACY010000026.1.region001	229
GCF_947495635.1_4-139.fasta_genomic-NZ_CANMAB010000163.1.region001	229
GCF_947496135.1_145.fasta_genomic-NZ_CANMBQ010000165.1.region001	229
GCF_947496945.1_4-1022-2-3Z.fasta_genomic-NZ_CANMEY010000122.1.region001	229
GCF_016919725.2_ASM1691972v2_genomic-NZ_JAJERH010000143.1.region001	230
GCF_018139605.1_ASM1813960v1_genomic-NZ_JAGSOT010000122.1.region001	230
GCF_039521925.1_ASM3952192v1_genomic-NZ_BAAACY010000071.1.region001	230
GCF_900162095.1_PRJEB19295_genomic-NZ_LT727670.1.region001	230
GCF_001895305.1_ASM189530v1_genomic-NZ_CP017762.1.region002	234
GCF_018383555.1_ASM1838355v1_genomic-NZ_JAHAMJ010000023.1.region001	234
GCF_009721585.1_ASM972158v1_genomic-NZ_WNMF01000024.1.region001	245
GCF_018603665.1_ASM1860366v1_genomic-NZ_JAHFZL010000034.1.region001	245
GCF_900155625.1_ASM90015562v1_genomic-NZ_LT732553.1.region001	245
GCF_009721585.1_ASM972158v1_genomic-NZ_WNMF01000078.1.region001	246
GCF_018603665.1_ASM1860366v1_genomic-NZ_JAHFZL010000048.1.region001	246
GCF_900155625.1_ASM90015562v1_genomic-NZ_LT732554.1.region001	246
GCF_018916875.1_ASM1891687v1_genomic-NZ_JAHLNO010000004.1.region001	247
GCF_018916875.1_ASM1891687v1_genomic-NZ_JAHLNO010000019.1.region001	248
GCF_018918075.1_ASM1891807v1_genomic-NZ_JAHLPW010000009.1.region001	254
GCF_018918075.1_ASM1891807v1_genomic-NZ_JAHLPW010000010.1.region001	255
GCF_019837165.1_ASM1983716v1_genomic-NZ_JAGYHC010000001.1.region002	320
GCF_027941815.1_ASM2794181v1_genomic-NZ_CP115959.1.region003	348
GCF_003667785.1_ASM366778v1_genomic-NZ_CP033046.1.region008	349
GCF_016908515.1_ASM1690851v1_genomic-NZ_JAFBEA010000002.1.region001	349
GCF_016919725.2_ASM1691972v2_genomic-NZ_JAJERH010000065.1.region001	349
GCF_018139605.1_ASM1813960v1_genomic-NZ_JAGSOT010000062.1.region001	349
GCF_027941815.1_ASM2794181v1_genomic-NZ_CP115959.1.region004	349
GCF_039521925.1_ASM3952192v1_genomic-NZ_BAAACY010000053.1.region001	349
GCF_947495635.1_4-139.fasta_genomic-NZ_CANMAB010000061.1.region001	349
GCF_947496135.1_145.fasta_genomic-NZ_CANMBQ010000064.1.region001	349
GCF_947496945.1_4-1022-2-3Z.fasta_genomic-NZ_CANMEY010000097.1.region001	349
GCF_001189575.1_ASM118957v1_genomic-NZ_LGTO01000007.1.region003	383
GCF_001895305.1_ASM189530v1_genomic-NZ_CP017762.1.region005	383
GCF_018075365.1_ASM1807536v1_genomic-NZ_CP073011.1.region003	383
GCF_018383555.1_ASM1838355v1_genomic-NZ_JAHAMJ010000011.1.region001	383
GCF_018403365.1_ASM1840336v1_genomic-NZ_BOSN01000001.1.region002	383
GCF_019037265.1_ASM1903726v1_genomic-NZ_JAHHXR010000012.1.region001	383
GCF_019037345.1_ASM1903734v1_genomic-NZ_JAHHXU010000001.1.region001	383
GCF_019037385.1_ASM1903738v1_genomic-NZ_JAHHXV010000005.1.region001	383
GCF_019037665.1_ASM1903766v1_genomic-NZ_JAHHYK010000013.1.region001	383
GCF_019037715.1_ASM1903771v1_genomic-NZ_JAHHYN010000013.1.region001	383
GCF_019037805.1_ASM1903780v1_genomic-NZ_JAHHYS010000013.1.region001	383
GCF_019037865.1_ASM1903786v1_genomic-NZ_JAHHYU010000012.1.region001	383
GCF_019038005.1_ASM1903800v1_genomic-NZ_JAHHZB010000015.1.region001	383
GCF_030405945.1_ASM3040594v1_genomic-NZ_JASERV010000016.1.region001	383
GCF_035770845.1_ASM3577084v1_genomic-NZ_JAYDXT010000009.1.region001	383
GCF_035770985.1_ASM3577098v1_genomic-NZ_JAYDXX010000011.1.region001	383
GCF_035771525.1_ASM3577152v1_genomic-NZ_JAYDXW010000010.1.region001	383
GCF_035771535.1_ASM3577153v1_genomic-NZ_JAYDXV010000010.1.region001	383
GCF_035771545.1_ASM3577154v1_genomic-NZ_JAYDXU010000012.1.region001	383
GCF_036219765.1_ASM3621976v1_genomic-NZ_JARMSE010000010.1.region001	383
GCF_045368945.1_ASM4536894v1_genomic-NZ_JBIQFR010000012.1.region001	383
GCF_045368955.1_ASM4536895v1_genomic-NZ_JBIQFS010000009.1.region001	383
GCF_045368985.1_ASM4536898v1_genomic-NZ_JBIQFQ010000010.1.region001	383
GCF_045369025.1_ASM4536902v1_genomic-NZ_JBIQFN010000010.1.region001	383
GCF_045369685.1_ASM4536968v1_genomic-NZ_JBIQEW010000011.1.region001	383
GCF_900156795.1_IMG-taxon_2681813560_annotated_assembly_genomic-NZ_FTOS01000001.1.region002	383
GCF_900162095.1_PRJEB19295_genomic-NZ_LT727682.1.region003	383
GCF_000294755.1_VH01_genomic-NZ_ALEF01000062.1.region001	405
GCF_001310895.1_ASM131089v1_genomic-NZ_BAZS01000020.1.region001	405
GCF_001878675.1_ASM187867v1_genomic-NZ_CP017962.1.region005	405
GCF_003667805.1_ASM366780v1_genomic-NZ_CP033049.1.region001	405
GCF_009856265.1_ASM985626v1_genomic-NZ_WMES01000039.1.region001	405
GCF_014656855.1_ASM1465685v1_genomic-NZ_JACWEZ010000026.1.region001	405
GCF_021391295.1_ASM2139129v1_genomic-NZ_CP090006.1.region005	405
GCF_021560035.1_ASM2156003v1_genomic-NZ_CP074373.1.region004	405
GCF_021991675.1_ASM2199167v1_genomic-NZ_JAGFLZ010000022.1.region001	405
GCF_022810285.1_ASM2281028v1_genomic-NZ_JALGRC010000001.1.region001	405
GCF_030122745.1_ASM3012274v1_genomic-NZ_CP126077.1.region001	405
GCF_035812655.1_ASM3581265v1_genomic-NZ_JARSOU010000006.1.region001	405
GCF_900162105.1_PRJEB19297_genomic-NZ_FUHR01000008.1.region001	405
GCF_000294755.1_VH01_genomic-NZ_ALEF01000082.1.region001	406
GCF_000725285.1_ASM72528v1_genomic-NZ_CP007161.1.region004	406
GCF_001310895.1_ASM131089v1_genomic-NZ_BAZS01000036.1.region001	406
GCF_001878675.1_ASM187867v1_genomic-NZ_CP017962.1.region004	406
GCF_002266285.1_ASM226628v1_genomic-NZ_NPMS01000001.1.region003	406
GCF_003667805.1_ASM366780v1_genomic-NZ_CP033049.1.region002	406
GCF_009856265.1_ASM985626v1_genomic-NZ_WMES01000049.1.region001	406
GCF_010092505.1_ASM1009250v1_genomic-NZ_CP048021.1.region002	406
GCF_010994035.1_ASM1099403v1_genomic-NZ_WIXN01000013.1.region001	406
GCF_014656855.1_ASM1465685v1_genomic-NZ_JACWEZ010000016.1.region001	406
GCF_021391295.1_ASM2139129v1_genomic-NZ_CP090006.1.region004	406
GCF_021991675.1_ASM2199167v1_genomic-NZ_JAGFLZ010000015.1.region001	406
GCF_022810285.1_ASM2281028v1_genomic-NZ_JALGRC010000004.1.region002	406
GCF_030122745.1_ASM3012274v1_genomic-NZ_CP126077.1.region002	406
GCF_035812655.1_ASM3581265v1_genomic-NZ_JARSOU010000008.1.region001	406
GCF_900162105.1_PRJEB19297_genomic-NZ_FUHR01000007.1.region002	406
GCF_000294755.1_VH01_genomic-NZ_ALEF01000077.1.region001	407
GCF_000725285.1_ASM72528v1_genomic-NZ_CP007161.1.region002	407
GCF_001310895.1_ASM131089v1_genomic-NZ_BAZS01000044.1.region001	407
GCF_001878675.1_ASM187867v1_genomic-NZ_CP017962.1.region002	407
GCF_002287375.1_ASM228737v1_genomic-NZ_NPOA01000003.1.region001	407
GCF_002807645.1_ASM280764v1_genomic-NZ_NPMW01000003.1.region001	407
GCF_003667805.1_ASM366780v1_genomic-NZ_CP033049.1.region004	407
GCF_009856265.1_ASM985626v1_genomic-NZ_WMES01000028.1.region001	407
GCF_014656855.1_ASM1465685v1_genomic-NZ_JACWEZ010000005.1.region001	407
GCF_016908515.1_ASM1690851v1_genomic-NZ_JAFBEA010000003.1.region001	407
GCF_018918075.1_ASM1891807v1_genomic-NZ_JAHLPW010000007.1.region001	407
GCF_021391295.1_ASM2139129v1_genomic-NZ_CP090006.1.region002	407
GCF_021991675.1_ASM2199167v1_genomic-NZ_JAGFLZ010000003.1.region001	407
GCF_022810285.1_ASM2281028v1_genomic-NZ_JALGRC010000002.1.region001	407
GCF_030122745.1_ASM3012274v1_genomic-NZ_CP126077.1.region004	407
GCF_035812655.1_ASM3581265v1_genomic-NZ_JARSOU010000017.1.region001	407
GCF_046883285.1_ASM4688328v1_genomic-NZ_JAXCLD010000014.1.region001	407
GCF_900162105.1_PRJEB19297_genomic-NZ_FUHR01000005.1.region001	407
GCF_000294755.1_VH01_genomic-NZ_ALEF01000053.1.region001	408
GCF_000725285.1_ASM72528v1_genomic-NZ_CP007161.1.region003	408
GCF_001310895.1_ASM131089v1_genomic-NZ_BAZS01000006.1.region001	408
GCF_001878675.1_ASM187867v1_genomic-NZ_CP017962.1.region003	408
GCF_003667805.1_ASM366780v1_genomic-NZ_CP033049.1.region003	408
GCF_009856265.1_ASM985626v1_genomic-NZ_WMES01000007.1.region001	408
GCF_010994035.1_ASM1099403v1_genomic-NZ_WIXN01000023.1.region001	408
GCF_014656855.1_ASM1465685v1_genomic-NZ_JACWEZ010000004.1.region001	408
GCF_021391295.1_ASM2139129v1_genomic-NZ_CP090006.1.region003	408
GCF_021991675.1_ASM2199167v1_genomic-NZ_JAGFLZ010000008.1.region001	408
GCF_022810285.1_ASM2281028v1_genomic-NZ_JALGRC010000004.1.region001	408
GCF_030122745.1_ASM3012274v1_genomic-NZ_CP126077.1.region003	408
GCF_035812655.1_ASM3581265v1_genomic-NZ_JARSOU010000023.1.region001	408
GCF_046883285.1_ASM4688328v1_genomic-NZ_JAXCLD010000001.1.region001	408
GCF_900162105.1_PRJEB19297_genomic-NZ_FUHR01000007.1.region001	408
GCF_902806455.1_Q1616_genomic-NZ_CADCWQ010000001.1.region003	408
GCF_036026595.1_ASM3602659v1_genomic-NZ_JARZFX010000003.1.region001	411
GCF_046883285.1_ASM4688328v1_genomic-NZ_JAXCLD010000003.1.region001	411
GCF_036026595.1_ASM3602659v1_genomic-NZ_JARZFX010000004.1.region001	412
GCF_046883285.1_ASM4688328v1_genomic-NZ_JAXCLD010000004.1.region001	412
GCF_036026595.1_ASM3602659v1_genomic-NZ_JARZFX010000011.1.region001	413
GCF_046883285.1_ASM4688328v1_genomic-NZ_JAXCLD010000011.1.region001	413
GCF_030137545.1_ASM3013754v1_genomic-NZ_JARUVL010000001.1.region001	422
GCF_036409425.1_ASM3640942v1_genomic-NZ_JAXOFU010000008.1.region001	422
GCF_030137545.1_ASM3013754v1_genomic-NZ_JARUVL010000016.1.region001	423
GCF_036409425.1_ASM3640942v1_genomic-NZ_JAXOFU010000018.1.region001	423
GCF_902806455.1_Q1616_genomic-NZ_CADCWQ010000001.1.region004	423
GCF_002849835.1_ASM284983v1_genomic-NZ_CP018622.1.region004	426
GCF_003399705.1_ASM339970v1_genomic-NZ_NFZX01000002.1.region001	426
GCF_003667845.1_ASM366784v1_genomic-NZ_CP033048.1.region002	426
GCF_013393565.1_ASM1339356v1_genomic-NZ_JABXHF010000003.1.region001	426
GCF_036543105.1_ASM3654310v1_genomic-NZ_JAZHPM010000010.1.region001	426
GCF_900129865.1_IMG-taxon_2675903063_annotated_assembly_genomic-NZ_FQXD01000001.1.region001	426
GCF_900166595.1_PRJEB19411_genomic-NZ_LT745763.1.region002	426
GCF_002849835.1_ASM284983v1_genomic-NZ_CP018622.1.region005	429
GCF_003399705.1_ASM339970v1_genomic-NZ_NFZX01000036.1.region001	429
GCF_003667845.1_ASM366784v1_genomic-NZ_CP033048.1.region003	429
GCF_013393565.1_ASM1339356v1_genomic-NZ_JABXHF010000119.1.region001	429
GCF_036543105.1_ASM3654310v1_genomic-NZ_JAZHPM010000036.1.region001	429
GCF_900129865.1_IMG-taxon_2675903063_annotated_assembly_genomic-NZ_FQXD01000002.1.region001	429
GCF_900166595.1_PRJEB19411_genomic-NZ_LT745763.1.region003	429
GCF_036543105.1_ASM3654310v1_genomic-NZ_JAZHPM010000041.1.region001	430
GCF_039521925.1_ASM3952192v1_genomic-NZ_BAAACY010000072.1.region001	436
GCF_947495635.1_4-139.fasta_genomic-NZ_CANMAB010000179.1.region001	436
GCF_947496135.1_145.fasta_genomic-NZ_CANMBQ010000184.1.region001	436
GCF_003667785.1_ASM366778v1_genomic-NZ_CP033046.1.region004	437
GCF_016919725.2_ASM1691972v2_genomic-NZ_JAJERH010000001.1.region002	437
GCF_018139605.1_ASM1813960v1_genomic-NZ_JAGSOT010000024.1.region001	437
GCF_039521925.1_ASM3952192v1_genomic-NZ_BAAACY010000110.1.region001	437
GCF_947495635.1_4-139.fasta_genomic-NZ_CANMAB010000014.1.region001	437
GCF_947496135.1_145.fasta_genomic-NZ_CANMBQ010000013.1.region001	437
GCF_947496945.1_4-1022-2-3Z.fasta_genomic-NZ_CANMEY010000008.1.region001	437
GCF_003667785.1_ASM366778v1_genomic-NZ_CP033046.1.region006	439
GCF_016919725.2_ASM1691972v2_genomic-NZ_JAJERH010000033.1.region001	439
GCF_018139605.1_ASM1813960v1_genomic-NZ_JAGSOT010000029.1.region001	439
GCF_039521925.1_ASM3952192v1_genomic-NZ_BAAACY010000133.1.region001	439
GCF_049310925.1_ASM4931092v1_genomic-NZ_JBMERP010000057.1.region001	439
GCF_947495635.1_4-139.fasta_genomic-NZ_CANMAB010000016.1.region001	439
GCF_947496135.1_145.fasta_genomic-NZ_CANMBQ010000015.1.region001	439
GCF_947496945.1_4-1022-2-3Z.fasta_genomic-NZ_CANMEY010000087.1.region001	439
GCF_003667785.1_ASM366778v1_genomic-NZ_CP033046.1.region002	440
GCF_016919725.2_ASM1691972v2_genomic-NZ_JAJERH010000045.1.region001	440
GCF_018139605.1_ASM1813960v1_genomic-NZ_JAGSOT010000030.1.region001	440
GCF_027941815.1_ASM2794181v1_genomic-NZ_CP115959.1.region001	440
GCF_039521925.1_ASM3952192v1_genomic-NZ_BAAACY010000134.1.region001	440
GCF_947495635.1_4-139.fasta_genomic-NZ_CANMAB010000045.1.region001	440
GCF_947496135.1_145.fasta_genomic-NZ_CANMBQ010000045.1.region001	440
GCF_947496945.1_4-1022-2-3Z.fasta_genomic-NZ_CANMEY010000036.1.region001	440
GCF_003667785.1_ASM366778v1_genomic-NZ_CP033046.1.region005	441
GCF_016919725.2_ASM1691972v2_genomic-NZ_JAJERH010000001.1.region001	441
GCF_018139605.1_ASM1813960v1_genomic-NZ_JAGSOT010000076.1.region001	441
GCF_027941815.1_ASM2794181v1_genomic-NZ_CP115959.1.region006	441
GCF_039521925.1_ASM3952192v1_genomic-NZ_BAAACY010000145.1.region001	441
GCF_947495635.1_4-139.fasta_genomic-NZ_CANMAB010000083.1.region001	441
GCF_947496135.1_145.fasta_genomic-NZ_CANMBQ010000085.1.region001	441
GCF_947496945.1_4-1022-2-3Z.fasta_genomic-NZ_CANMEY010000176.1.region001	441
GCF_039522605.1_ASM3952260v1_genomic-NZ_BAAADS010000009.1.region001	442
GCF_042684985.1_ASM4268498v1_genomic-NZ_JBHUMU010000002.1.region001	442
GCF_050574275.1_ASM5057427v1_genomic-NZ_CP192260.1.region006	442
GCF_019837165.1_ASM1983716v1_genomic-NZ_JAGYHC010000001.1.region003	448
GCF_021560035.1_ASM2156003v1_genomic-NZ_CP074373.1.region002	448
GCF_041871525.1_ASM4187152v1_genomic-NZ_CP097347.1.region002	448
GCF_042643145.1_ASM4264314v1_genomic-NZ_JBHRSA010000013.1.region001	456
GCF_042643145.1_ASM4264314v1_genomic-NZ_JBHRSA010000041.1.region001	457
GCF_042643265.1_ASM4264326v1_genomic-NZ_JBHRRZ010000039.1.region001	457
GCF_042643145.1_ASM4264314v1_genomic-NZ_JBHRSA010000051.1.region001	460
GCF_042643265.1_ASM4264326v1_genomic-NZ_JBHRRZ010000005.1.region001	460
GCF_042643265.1_ASM4264326v1_genomic-NZ_JBHRRZ010000015.1.region001	463
GCF_042643265.1_ASM4264326v1_genomic-NZ_JBHRRZ010000040.1.region001	466
GCF_002216775.1_ASM221677v1_genomic-NZ_CP022315.1.region002	467
GCF_002224365.1_ASM222436v1_genomic-NZ_CP022437.1.region003	467
GCF_002266285.1_ASM226628v1_genomic-NZ_NPMS01000001.1.region002	467
GCF_002287375.1_ASM228737v1_genomic-NZ_NPOA01000007.1.region001	467
GCF_002807645.1_ASM280764v1_genomic-NZ_NPMW01000007.1.region001	467
GCF_009721585.1_ASM972158v1_genomic-NZ_WNMF01000013.1.region001	467
GCF_010092505.1_ASM1009250v1_genomic-NZ_CP048021.1.region001	467
GCF_014638995.1_ASM1463899v1_genomic-NZ_BMFR01000001.1.region001	467
GCF_017873675.1_ASM1787367v1_genomic-NZ_JAGGKK010000013.1.region001	467
GCF_018603665.1_ASM1860366v1_genomic-NZ_JAHFZL010000001.1.region001	467
GCF_018918075.1_ASM1891807v1_genomic-NZ_JAHLPW010000006.1.region001	467
GCF_021560035.1_ASM2156003v1_genomic-NZ_CP074373.1.region003	467
GCF_030137545.1_ASM3013754v1_genomic-NZ_JARUVL010000004.1.region001	467
GCF_036026595.1_ASM3602659v1_genomic-NZ_JARZFX010000001.1.region001	467
GCF_036409425.1_ASM3640942v1_genomic-NZ_JAXOFU010000005.1.region001	467
GCF_041949995.1_ASM4194999v1_genomic-NZ_JBHFQH010000013.1.region002	467
GCF_042643145.1_ASM4264314v1_genomic-NZ_JBHRSA010000004.1.region001	467
GCF_042643495.1_ASM4264349v1_genomic-NZ_JBHRRY010000001.1.region001	467
GCF_052246775.1_ASM5224677v1_genomic-NZ_JBQQCP010000003.1.region002	467
GCF_900102415.1_IMG-taxon_2671180171_annotated_assembly_genomic-NZ_FNKD01000002.1.region001	467
GCF_900110695.1_IMG-taxon_2671180086_annotated_assembly_genomic-NZ_FOEH01000002.1.region001	467
GCF_900155625.1_ASM90015562v1_genomic-NZ_LT732553.1.region002	467
GCF_900162695.1_PRJEB19320_genomic-NZ_FUIH01000007.1.region003	467
GCF_900187325.1_PRJEB20996_genomic-NZ_FZMZ01000005.1.region001	467
GCF_902726655.1_PRJEB35829_genomic-NZ_CACVAN010000001.1.region002	467
GCF_017873675.1_ASM1787367v1_genomic-NZ_JAGGKK010000016.1.region001	468
GCF_017873675.1_ASM1787367v1_genomic-NZ_JAGGKK010000036.1.region001	468
GCF_018918075.1_ASM1891807v1_genomic-NZ_JAHLPW010000003.1.region001	468
GCF_041949995.1_ASM4194999v1_genomic-NZ_JBHFQH010000023.1.region001	468
GCF_042643495.1_ASM4264349v1_genomic-NZ_JBHRRY010000013.1.region001	468
GCF_052246775.1_ASM5224677v1_genomic-NZ_JBQQCP010000010.1.region001	468
GCF_900102415.1_IMG-taxon_2671180171_annotated_assembly_genomic-NZ_FNKD01000003.1.region001	468
GCF_900110695.1_IMG-taxon_2671180086_annotated_assembly_genomic-NZ_FOEH01000008.1.region001	468
GCF_017873675.1_ASM1787367v1_genomic-NZ_JAGGKK010000009.1.region001	469
GCF_041949995.1_ASM4194999v1_genomic-NZ_JBHFQH010000011.1.region001	469
GCF_042643495.1_ASM4264349v1_genomic-NZ_JBHRRY010000026.1.region001	469
GCF_052246775.1_ASM5224677v1_genomic-NZ_JBQQCP010000001.1.region002	469
GCF_900102415.1_IMG-taxon_2671180171_annotated_assembly_genomic-NZ_FNKD01000001.1.region001	469
GCF_900110695.1_IMG-taxon_2671180086_annotated_assembly_genomic-NZ_FOEH01000001.1.region001	469
GCF_017873675.1_ASM1787367v1_genomic-NZ_JAGGKK010000019.1.region001	470
GCF_041949995.1_ASM4194999v1_genomic-NZ_JBHFQH010000006.1.region001	470
GCF_042643495.1_ASM4264349v1_genomic-NZ_JBHRRY010000031.1.region001	470
GCF_900102415.1_IMG-taxon_2671180171_annotated_assembly_genomic-NZ_FNKD01000004.1.region001	470
GCF_900110695.1_IMG-taxon_2671180086_annotated_assembly_genomic-NZ_FOEH01000005.1.region001	470
GCF_017873675.1_ASM1787367v1_genomic-NZ_JAGGKK010000015.1.region001	472
GCF_042643495.1_ASM4264349v1_genomic-NZ_JBHRRY010000042.1.region001	472
GCF_052246775.1_ASM5224677v1_genomic-NZ_JBQQCP010000001.1.region001	472
GCF_017874115.1_ASM1787411v1_genomic-NZ_JAGGKX010000001.1.region001	477
GCF_026013645.1_ASM2601364v1_genomic-NZ_CP110224.1.region003	477
GCF_042675685.1_ASM4267568v1_genomic-NZ_JBHTJK010000001.1.region001	477
GCF_050574275.1_ASM5057427v1_genomic-NZ_CP192260.1.region003	477
GCF_017874115.1_ASM1787411v1_genomic-NZ_JAGGKX010000002.1.region001	478
GCF_019837165.1_ASM1983716v1_genomic-NZ_JAGYHC010000001.1.region001	478
GCF_021560035.1_ASM2156003v1_genomic-NZ_CP074373.1.region001	478
GCF_026013645.1_ASM2601364v1_genomic-NZ_CP110224.1.region001	478
GCF_036026595.1_ASM3602659v1_genomic-NZ_JARZFX010000014.1.region001	478
GCF_041871525.1_ASM4187152v1_genomic-NZ_CP097347.1.region001	478
GCF_042643145.1_ASM4264314v1_genomic-NZ_JBHRSA010000057.1.region001	478
GCF_042643265.1_ASM4264326v1_genomic-NZ_JBHRRZ010000006.1.region001	478
GCF_042675685.1_ASM4267568v1_genomic-NZ_JBHTJK010000002.1.region001	478
GCF_017874115.1_ASM1787411v1_genomic-NZ_JAGGKX010000004.1.region001	479
GCF_019837165.1_ASM1983716v1_genomic-NZ_JAGYHC010000001.1.region004	479
GCF_026013645.1_ASM2601364v1_genomic-NZ_CP110224.1.region002	479
GCF_041871525.1_ASM4187152v1_genomic-NZ_CP097347.1.region003	479
GCF_042675685.1_ASM4267568v1_genomic-NZ_JBHTJK010000005.1.region001	479
GCF_017874115.1_ASM1787411v1_genomic-NZ_JAGGKX010000011.1.region001	480
GCF_026013645.1_ASM2601364v1_genomic-NZ_CP110224.1.region004	480
GCF_042675685.1_ASM4267568v1_genomic-NZ_JBHTJK010000012.1.region001	480
GCF_042675965.1_ASM4267596v1_genomic-NZ_JBHTKJ010000007.1.region001	481
GCF_042675965.1_ASM4267596v1_genomic-NZ_JBHTKJ010000030.1.region001	484
GCF_042675965.1_ASM4267596v1_genomic-NZ_JBHTKJ010000047.1.region001	485
GCF_000709085.1_Virgibacillus_alimentarius_J18_genomic-NZ_JFBD01000102.1.region001	487
GCF_017874635.1_ASM1787463v1_genomic-NZ_JAGIKX010000039.1.region001	487
GCF_035301465.1_ASM3530146v1_genomic-NZ_DATGUE010000071.1.region001	487
GCF_042676205.1_ASM4267620v1_genomic-NZ_JBHTJY010000004.1.region001	487
GCF_000709085.1_Virgibacillus_alimentarius_J18_genomic-NZ_JFBD01000056.1.region001	490
GCF_017874635.1_ASM1787463v1_genomic-NZ_JAGIKX010000006.1.region001	490
GCF_035301465.1_ASM3530146v1_genomic-NZ_DATGUE010000250.1.region001	490
GCF_042676205.1_ASM4267620v1_genomic-NZ_JBHTJY010000030.1.region001	490
GCF_000709085.1_Virgibacillus_alimentarius_J18_genomic-NZ_JFBD01000045.1.region001	491
GCF_016908515.1_ASM1690851v1_genomic-NZ_JAFBEA010000001.1.region001	491
GCF_017874635.1_ASM1787463v1_genomic-NZ_JAGIKX010000004.1.region001	491
GCF_035301465.1_ASM3530146v1_genomic-NZ_DATGUE010000144.1.region001	491
GCF_042676205.1_ASM4267620v1_genomic-NZ_JBHTJY010000033.1.region001	491
GCF_000709085.1_Virgibacillus_alimentarius_J18_genomic-NZ_JFBD01000128.1.region001	492
GCF_017874635.1_ASM1787463v1_genomic-NZ_JAGIKX010000001.1.region001	492
GCF_035301465.1_ASM3530146v1_genomic-NZ_DATGUE010000031.1.region001	492
GCF_042643265.1_ASM4264326v1_genomic-NZ_JBHRRZ010000014.1.region001	492
GCF_042675965.1_ASM4267596v1_genomic-NZ_JBHTKJ010000023.1.region001	492
GCF_042676205.1_ASM4267620v1_genomic-NZ_JBHTJY010000043.1.region001	492
GCF_051846915.1_ASM5184691v1_genomic-NZ_JBPYCR010000013.1.region001	492
GCF_039522605.1_ASM3952260v1_genomic-NZ_BAAADS010000025.1.region001	494
GCF_042684985.1_ASM4268498v1_genomic-NZ_JBHUMU010000004.1.region001	494
GCF_039522605.1_ASM3952260v1_genomic-NZ_BAAADS010000025.1.region002	495
GCF_042684985.1_ASM4268498v1_genomic-NZ_JBHUMU010000004.1.region002	495
GCF_900162695.1_PRJEB19320_genomic-NZ_FUIH01000007.1.region002	495
GCF_902726655.1_PRJEB35829_genomic-NZ_CACVAN010000001.1.region001	495
GCF_039522605.1_ASM3952260v1_genomic-NZ_BAAADS010000015.1.region001	496
GCF_042654125.1_ASM4265412v1_genomic-NZ_JBHSFU010000009.1.region001	496
GCF_042684985.1_ASM4268498v1_genomic-NZ_JBHUMU010000008.1.region001	496
GCF_052246775.1_ASM5224677v1_genomic-NZ_JBQQCP010000005.1.region001	496
GCF_900162695.1_PRJEB19320_genomic-NZ_FUIH01000006.1.region001	496
GCF_902726655.1_PRJEB35829_genomic-NZ_CACVAN010000001.1.region004	496
GCF_902806455.1_Q1616_genomic-NZ_CADCWQ010000002.1.region001	496
GCF_039522605.1_ASM3952260v1_genomic-NZ_BAAADS010000023.1.region001	497
GCF_042684985.1_ASM4268498v1_genomic-NZ_JBHUMU010000027.1.region001	497
GCF_042684985.1_ASM4268498v1_genomic-NZ_JBHUMU010000028.1.region001	498
GCF_002224365.1_ASM222436v1_genomic-NZ_CP022437.1.region001	501
GCF_002266285.1_ASM226628v1_genomic-NZ_NPMS01000003.1.region001	501
GCF_014638995.1_ASM1463899v1_genomic-NZ_BMFR01000012.1.region001	501
GCF_042675965.1_ASM4267596v1_genomic-NZ_JBHTKJ010000011.1.region001	501
GCF_044793635.1_ASM4479363v1_genomic-NZ_CP084992.1.region003	501
GCF_900187325.1_PRJEB20996_genomic-NZ_FZMZ01000003.1.region001	501
GCF_044793635.1_ASM4479363v1_genomic-NZ_CP084992.1.region004	502
GCF_002216775.1_ASM221677v1_genomic-NZ_CP022315.1.region004	503
GCF_002224365.1_ASM222436v1_genomic-NZ_CP022437.1.region006	503
GCF_044793635.1_ASM4479363v1_genomic-NZ_CP084992.1.region005	503
GCF_049310925.1_ASM4931092v1_genomic-NZ_JBMERP010000064.1.region001	503
GCF_001189575.1_ASM118957v1_genomic-NZ_LGTO01000007.1.region001	506
GCF_001895305.1_ASM189530v1_genomic-NZ_CP017762.1.region003	506
GCF_002849835.1_ASM284983v1_genomic-NZ_CP018622.1.region001	506
GCF_003399705.1_ASM339970v1_genomic-NZ_NFZX01000010.1.region001	506
GCF_003667845.1_ASM366784v1_genomic-NZ_CP033048.1.region001	506
GCF_018075365.1_ASM1807536v1_genomic-NZ_CP073011.1.region005	506
GCF_018383555.1_ASM1838355v1_genomic-NZ_JAHAMJ010000016.1.region001	506
GCF_018403365.1_ASM1840336v1_genomic-NZ_BOSN01000003.1.region001	506
GCF_019037265.1_ASM1903726v1_genomic-NZ_JAHHXR010000002.1.region001	506
GCF_019037345.1_ASM1903734v1_genomic-NZ_JAHHXU010000002.1.region001	506
GCF_019037385.1_ASM1903738v1_genomic-NZ_JAHHXV010000002.1.region001	506
GCF_019037665.1_ASM1903766v1_genomic-NZ_JAHHYK010000003.1.region001	506
GCF_019037715.1_ASM1903771v1_genomic-NZ_JAHHYN010000004.1.region001	506
GCF_019037805.1_ASM1903780v1_genomic-NZ_JAHHYS010000006.1.region001	506
GCF_019037815.1_ASM1903781v1_genomic-NZ_JAHHYR010000003.1.region001	506
GCF_019037865.1_ASM1903786v1_genomic-NZ_JAHHYU010000007.1.region001	506
GCF_019037875.1_ASM1903787v1_genomic-NZ_JAHHYV010000004.1.region001	506
GCF_019037945.1_ASM1903794v1_genomic-NZ_JAHHYW010000002.1.region001	506
GCF_019038005.1_ASM1903800v1_genomic-NZ_JAHHZB010000009.1.region001	506
GCF_030405945.1_ASM3040594v1_genomic-NZ_JASERV010000036.1.region001	506
GCF_035770845.1_ASM3577084v1_genomic-NZ_JAYDXT010000007.1.region001	506
GCF_035770985.1_ASM3577098v1_genomic-NZ_JAYDXX010000003.1.region001	506
GCF_035771525.1_ASM3577152v1_genomic-NZ_JAYDXW010000004.1.region001	506
GCF_035771535.1_ASM3577153v1_genomic-NZ_JAYDXV010000004.1.region001	506
GCF_035771545.1_ASM3577154v1_genomic-NZ_JAYDXU010000004.1.region001	506
GCF_036219765.1_ASM3621976v1_genomic-NZ_JARMSE010000026.1.region001	506
GCF_036543105.1_ASM3654310v1_genomic-NZ_JAZHPM010000006.1.region001	506
GCF_045368945.1_ASM4536894v1_genomic-NZ_JBIQFR010000004.1.region001	506
GCF_045368955.1_ASM4536895v1_genomic-NZ_JBIQFS010000007.1.region001	506
GCF_045368985.1_ASM4536898v1_genomic-NZ_JBIQFQ010000004.1.region001	506
GCF_045369025.1_ASM4536902v1_genomic-NZ_JBIQFN010000004.1.region001	506
GCF_045369685.1_ASM4536968v1_genomic-NZ_JBIQEW010000003.1.region001	506
GCF_900129865.1_IMG-taxon_2675903063_annotated_assembly_genomic-NZ_FQXD01000010.1.region001	506
GCF_900156795.1_IMG-taxon_2681813560_annotated_assembly_genomic-NZ_FTOS01000004.1.region001	506
GCF_900162095.1_PRJEB19295_genomic-NZ_LT727682.1.region005	506
GCF_900162615.1_PRJEB6464_genomic-NZ_FUFN01000010.1.region003	506
GCF_900166595.1_PRJEB19411_genomic-NZ_LT745763.1.region005	506
GCF_019037265.1_ASM1903726v1_genomic-NZ_JAHHXR010000021.1.region001	508
GCF_019037345.1_ASM1903734v1_genomic-NZ_JAHHXU010000019.1.region001	508
GCF_019037385.1_ASM1903738v1_genomic-NZ_JAHHXV010000021.1.region001	508
GCF_019037665.1_ASM1903766v1_genomic-NZ_JAHHYK010000022.1.region001	508
GCF_019037715.1_ASM1903771v1_genomic-NZ_JAHHYN010000019.1.region001	508
GCF_019037805.1_ASM1903780v1_genomic-NZ_JAHHYS010000019.1.region001	508
GCF_019037815.1_ASM1903781v1_genomic-NZ_JAHHYR010000020.1.region001	508
GCF_019037865.1_ASM1903786v1_genomic-NZ_JAHHYU010000020.1.region001	508
GCF_019037875.1_ASM1903787v1_genomic-NZ_JAHHYV010000020.1.region001	508
GCF_019037945.1_ASM1903794v1_genomic-NZ_JAHHYW010000021.1.region001	508
GCF_019038005.1_ASM1903800v1_genomic-NZ_JAHHZB010000020.1.region001	508
GCF_035770845.1_ASM3577084v1_genomic-NZ_JAYDXT010000016.1.region001	508
GCF_035770985.1_ASM3577098v1_genomic-NZ_JAYDXX010000017.1.region001	508
GCF_035771525.1_ASM3577152v1_genomic-NZ_JAYDXW010000016.1.region001	508
GCF_035771535.1_ASM3577153v1_genomic-NZ_JAYDXV010000016.1.region001	508
GCF_035771545.1_ASM3577154v1_genomic-NZ_JAYDXU010000018.1.region001	508
GCF_045368945.1_ASM4536894v1_genomic-NZ_JBIQFR010000018.1.region001	508
GCF_045368955.1_ASM4536895v1_genomic-NZ_JBIQFS010000016.1.region001	508
GCF_045368985.1_ASM4536898v1_genomic-NZ_JBIQFQ010000016.1.region001	508
GCF_045369025.1_ASM4536902v1_genomic-NZ_JBIQFN010000016.1.region001	508
GCF_045369685.1_ASM4536968v1_genomic-NZ_JBIQEW010000017.1.region001	508
GCF_018403365.1_ASM1840336v1_genomic-NZ_BOSN01000007.1.region001	509
GCF_019037265.1_ASM1903726v1_genomic-NZ_JAHHXR010000045.1.region001	509
GCF_019037345.1_ASM1903734v1_genomic-NZ_JAHHXU010000040.1.region001	509
GCF_019037385.1_ASM1903738v1_genomic-NZ_JAHHXV010000040.1.region001	509
GCF_019037665.1_ASM1903766v1_genomic-NZ_JAHHYK010000044.1.region001	509
GCF_019037715.1_ASM1903771v1_genomic-NZ_JAHHYN010000042.1.region001	509
GCF_019037805.1_ASM1903780v1_genomic-NZ_JAHHYS010000046.1.region001	509
GCF_019037815.1_ASM1903781v1_genomic-NZ_JAHHYR010000043.1.region001	509
GCF_019037865.1_ASM1903786v1_genomic-NZ_JAHHYU010000040.1.region001	509
GCF_019037875.1_ASM1903787v1_genomic-NZ_JAHHYV010000042.1.region001	509
GCF_019037945.1_ASM1903794v1_genomic-NZ_JAHHYW010000042.1.region001	509
GCF_019038005.1_ASM1903800v1_genomic-NZ_JAHHZB010000044.1.region001	509
GCF_030405945.1_ASM3040594v1_genomic-NZ_JASERV010000052.1.region001	509
GCF_035770845.1_ASM3577084v1_genomic-NZ_JAYDXT010000049.1.region001	509
GCF_035770985.1_ASM3577098v1_genomic-NZ_JAYDXX010000047.1.region001	509
GCF_035771525.1_ASM3577152v1_genomic-NZ_JAYDXW010000046.1.region001	509
GCF_035771535.1_ASM3577153v1_genomic-NZ_JAYDXV010000044.1.region001	509
GCF_035771545.1_ASM3577154v1_genomic-NZ_JAYDXU010000044.1.region001	509
GCF_045368945.1_ASM4536894v1_genomic-NZ_JBIQFR010000044.1.region001	509
GCF_045368955.1_ASM4536895v1_genomic-NZ_JBIQFS010000049.1.region001	509
GCF_045368985.1_ASM4536898v1_genomic-NZ_JBIQFQ010000044.1.region001	509
GCF_045369025.1_ASM4536902v1_genomic-NZ_JBIQFN010000046.1.region001	509
GCF_045369685.1_ASM4536968v1_genomic-NZ_JBIQEW010000047.1.region001	509
GCF_001189575.1_ASM118957v1_genomic-NZ_LGTO01000007.1.region002	510
GCF_001895305.1_ASM189530v1_genomic-NZ_CP017762.1.region004	510
GCF_003399705.1_ASM339970v1_genomic-NZ_NFZX01000013.1.region001	510
GCF_013393565.1_ASM1339356v1_genomic-NZ_JABXHF010000055.1.region001	510
GCF_018075365.1_ASM1807536v1_genomic-NZ_CP073011.1.region004	510
GCF_018383555.1_ASM1838355v1_genomic-NZ_JAHAMJ010000026.1.region001	510
GCF_018403365.1_ASM1840336v1_genomic-NZ_BOSN01000001.1.region003	510
GCF_018916875.1_ASM1891687v1_genomic-NZ_JAHLNO010000019.1.region002	510
GCF_019037265.1_ASM1903726v1_genomic-NZ_JAHHXR010000001.1.region001	510
GCF_019037345.1_ASM1903734v1_genomic-NZ_JAHHXU010000001.1.region002	510
GCF_019037385.1_ASM1903738v1_genomic-NZ_JAHHXV010000001.1.region001	510
GCF_019037665.1_ASM1903766v1_genomic-NZ_JAHHYK010000002.1.region001	510
GCF_019037715.1_ASM1903771v1_genomic-NZ_JAHHYN010000001.1.region001	510
GCF_019037805.1_ASM1903780v1_genomic-NZ_JAHHYS010000001.1.region001	510
GCF_019037815.1_ASM1903781v1_genomic-NZ_JAHHYR010000001.1.region001	510
GCF_019037865.1_ASM1903786v1_genomic-NZ_JAHHYU010000001.1.region001	510
GCF_019037875.1_ASM1903787v1_genomic-NZ_JAHHYV010000003.1.region001	510
GCF_019037945.1_ASM1903794v1_genomic-NZ_JAHHYW010000001.1.region001	510
GCF_019038005.1_ASM1903800v1_genomic-NZ_JAHHZB010000002.1.region001	510
GCF_030405945.1_ASM3040594v1_genomic-NZ_JASERV010000135.1.region001	510
GCF_030405945.1_ASM3040594v1_genomic-NZ_JASERV010000146.1.region001	510
GCF_035770845.1_ASM3577084v1_genomic-NZ_JAYDXT010000002.1.region001	510
GCF_035770985.1_ASM3577098v1_genomic-NZ_JAYDXX010000001.1.region001	510
GCF_035771525.1_ASM3577152v1_genomic-NZ_JAYDXW010000001.1.region001	510
GCF_035771535.1_ASM3577153v1_genomic-NZ_JAYDXV010000001.1.region001	510
GCF_035771545.1_ASM3577154v1_genomic-NZ_JAYDXU010000001.1.region001	510
GCF_036219765.1_ASM3621976v1_genomic-NZ_JARMSE010000024.1.region001	510
GCF_036219765.1_ASM3621976v1_genomic-NZ_JARMSE010000093.1.region001	510
GCF_036543105.1_ASM3654310v1_genomic-NZ_JAZHPM010000014.1.region001	510
GCF_042654125.1_ASM4265412v1_genomic-NZ_JBHSFU010000015.1.region001	510
GCF_045368945.1_ASM4536894v1_genomic-NZ_JBIQFR010000001.1.region001	510
GCF_045368955.1_ASM4536895v1_genomic-NZ_JBIQFS010000002.1.region001	510
GCF_045368985.1_ASM4536898v1_genomic-NZ_JBIQFQ010000001.1.region001	510
GCF_045369025.1_ASM4536902v1_genomic-NZ_JBIQFN010000001.1.region001	510
GCF_045369685.1_ASM4536968v1_genomic-NZ_JBIQEW010000001.1.region001	510
GCF_900156795.1_IMG-taxon_2681813560_annotated_assembly_genomic-NZ_FTOS01000001.1.region003	510
GCF_900162095.1_PRJEB19295_genomic-NZ_LT727682.1.region004	510
GCF_001189575.1_ASM118957v1_genomic-NZ_LGTO01000007.1.region004	511
GCF_001895305.1_ASM189530v1_genomic-NZ_CP017762.1.region006	511
GCF_018075365.1_ASM1807536v1_genomic-NZ_CP073011.1.region002	511
GCF_018383555.1_ASM1838355v1_genomic-NZ_JAHAMJ010000025.1.region001	511
GCF_018403365.1_ASM1840336v1_genomic-NZ_BOSN01000001.1.region001	511
GCF_019037265.1_ASM1903726v1_genomic-NZ_JAHHXR010000019.1.region001	511
GCF_019037345.1_ASM1903734v1_genomic-NZ_JAHHXU010000018.1.region001	511
GCF_019037385.1_ASM1903738v1_genomic-NZ_JAHHXV010000020.1.region001	511
GCF_019037665.1_ASM1903766v1_genomic-NZ_JAHHYK010000020.1.region001	511
GCF_019037715.1_ASM1903771v1_genomic-NZ_JAHHYN010000003.1.region001	511
GCF_019037805.1_ASM1903780v1_genomic-NZ_JAHHYS010000004.1.region001	511
GCF_019037815.1_ASM1903781v1_genomic-NZ_JAHHYR010000006.1.region001	511
GCF_019037865.1_ASM1903786v1_genomic-NZ_JAHHYU010000002.1.region001	511
GCF_019037875.1_ASM1903787v1_genomic-NZ_JAHHYV010000002.1.region001	511
GCF_019037945.1_ASM1903794v1_genomic-NZ_JAHHYW010000006.1.region001	511
GCF_019038005.1_ASM1903800v1_genomic-NZ_JAHHZB010000005.1.region001	511
GCF_027941815.1_ASM2794181v1_genomic-NZ_CP115959.1.region005	511
GCF_030405945.1_ASM3040594v1_genomic-NZ_JASERV010000011.1.region001	511
GCF_035770845.1_ASM3577084v1_genomic-NZ_JAYDXT010000003.1.region001	511
GCF_035770985.1_ASM3577098v1_genomic-NZ_JAYDXX010000006.1.region001	511
GCF_035771525.1_ASM3577152v1_genomic-NZ_JAYDXW010000006.1.region001	511
GCF_035771535.1_ASM3577153v1_genomic-NZ_JAYDXV010000006.1.region001	511
GCF_035771545.1_ASM3577154v1_genomic-NZ_JAYDXU010000003.1.region001	511
GCF_036219765.1_ASM3621976v1_genomic-NZ_JARMSE010000067.1.region001	511
GCF_042654125.1_ASM4265412v1_genomic-NZ_JBHSFU010000003.1.region002	511
GCF_044793635.1_ASM4479363v1_genomic-NZ_CP084992.1.region002	511
GCF_045368945.1_ASM4536894v1_genomic-NZ_JBIQFR010000003.1.region001	511
GCF_045368955.1_ASM4536895v1_genomic-NZ_JBIQFS010000003.1.region001	511
GCF_045368985.1_ASM4536898v1_genomic-NZ_JBIQFQ010000006.1.region001	511
GCF_045369025.1_ASM4536902v1_genomic-NZ_JBIQFN010000006.1.region001	511
GCF_045369685.1_ASM4536968v1_genomic-NZ_JBIQEW010000006.1.region001	511
GCF_900156795.1_IMG-taxon_2681813560_annotated_assembly_genomic-NZ_FTOS01000001.1.region001	511
GCF_900162095.1_PRJEB19295_genomic-NZ_LT727682.1.region002	511
GCF_900162615.1_PRJEB6464_genomic-NZ_FUFN01000010.1.region005	511
GCF_000821245.2_ASM82124v2_genomic-NZ_LN611425.1.region002	540
GCF_002216775.1_ASM221677v1_genomic-NZ_CP022315.1.region003	540
GCF_002224365.1_ASM222436v1_genomic-NZ_CP022437.1.region004	540
GCF_044793635.1_ASM4479363v1_genomic-NZ_CP084992.1.region001	540
GCF_049310925.1_ASM4931092v1_genomic-NZ_JBMERP010000015.1.region001	540
GCF_050574275.1_ASM5057427v1_genomic-NZ_CP192260.1.region004	540
GCF_049310925.1_ASM4931092v1_genomic-NZ_JBMERP010000065.1.region001	544
GCF_050574275.1_ASM5057427v1_genomic-NZ_CP192260.1.region002	547
GCF_050574275.1_ASM5057427v1_genomic-NZ_CP192260.1.region007	552
GCF_051846915.1_ASM5184691v1_genomic-NZ_JBPYCR010000001.1.region001	553
GCF_051846915.1_ASM5184691v1_genomic-NZ_JBPYCR010000009.1.region001	555
GCF_017873675.1_ASM1787367v1_genomic-NZ_JAGGKK010000032.1.region001	570
GCF_035301465.1_ASM3530146v1_genomic-NZ_DATGUE010000081.1.region001	570
GCF_036026595.1_ASM3602659v1_genomic-NZ_JARZFX010000001.1.region002	570
GCF_041949995.1_ASM4194999v1_genomic-NZ_JBHFQH010000013.1.region001	570
GCF_042643495.1_ASM4264349v1_genomic-NZ_JBHRRY010000034.1.region001	570
GCF_042654125.1_ASM4265412v1_genomic-NZ_JBHSFU010000003.1.region001	570
GCF_046883285.1_ASM4688328v1_genomic-NZ_JAXCLD010000001.1.region002	570
GCF_052246775.1_ASM5224677v1_genomic-NZ_JBQQCP010000003.1.region001	570
GCF_900102415.1_IMG-taxon_2671180171_annotated_assembly_genomic-NZ_FNKD01000002.1.region002	570
GCF_900110695.1_IMG-taxon_2671180086_annotated_assembly_genomic-NZ_FOEH01000004.1.region001	570
GCF_900129865.1_IMG-taxon_2675903063_annotated_assembly_genomic-NZ_FQXD01000007.1.region001	575
GCF_900129865.1_IMG-taxon_2675903063_annotated_assembly_genomic-NZ_FQXD01000027.1.region001	578
GCF_009721585.1_ASM972158v1_genomic-NZ_WNMF01000006.1.region001	581
GCF_018603665.1_ASM1860366v1_genomic-NZ_JAHFZL010000001.1.region002	581
GCF_900155625.1_ASM90015562v1_genomic-NZ_LT732553.1.region003	581
GCF_900162095.1_PRJEB19295_genomic-NZ_LT727682.1.region001	589
GCF_900162615.1_PRJEB6464_genomic-NZ_FUFN01000009.1.region001	599
GCF_900162615.1_PRJEB6464_genomic-NZ_FUFN01000009.1.region002	600
GCF_018916875.1_ASM1891687v1_genomic-NZ_JAHLNO010000029.1.region001	601
GCF_900162615.1_PRJEB6464_genomic-NZ_FUFN01000009.1.region003	601
GCF_900162615.1_PRJEB6464_genomic-NZ_FUFN01000010.1.region001	602
GCF_900162615.1_PRJEB6464_genomic-NZ_FUFN01000010.1.region002	603
GCF_002849835.1_ASM284983v1_genomic-NZ_CP018622.1.region002	612
GCF_036543105.1_ASM3654310v1_genomic-NZ_JAZHPM010000005.1.region001	612
GCF_900166595.1_PRJEB19411_genomic-NZ_LT745762.1.region001	612
GCF_013393565.1_ASM1339356v1_genomic-NZ_JABXHF010000095.1.region001	616
GCF_900166595.1_PRJEB19411_genomic-NZ_LT745763.1.region004	616
GCF_900187325.1_PRJEB20996_genomic-NZ_FZMZ01000004.1.region002	620
GCF_900187325.1_PRJEB20996_genomic-NZ_FZMZ01000006.1.region001	623
GCF_902726655.1_PRJEB35829_genomic-NZ_CACVAN010000001.1.region003	634
GCF_900162695.1_PRJEB19320_genomic-NZ_FUIH01000006.1.region002	636
GCF_902726655.1_PRJEB35829_genomic-NZ_CACVAN010000001.1.region005	636
GCF_049310925.1_ASM4931092v1_genomic-NZ_JBMERP010000090.1.region001	637
GCF_900162695.1_PRJEB19320_genomic-NZ_FUIH01000007.1.region001	637
GCF_902726655.1_PRJEB35829_genomic-NZ_CACVAN010000001.1.region006	637
GCF_042675965.1_ASM4267596v1_genomic-NZ_JBHTKJ010000074.1.region001	638
GCF_050574275.1_ASM5057427v1_genomic-NZ_CP192260.1.region005	638
GCF_051846915.1_ASM5184691v1_genomic-NZ_JBPYCR010000008.1.region001	638
GCF_902806455.1_Q1616_genomic-NZ_CADCWQ010000001.1.region001	638
GCF_902806455.1_Q1616_genomic-NZ_CADCWQ010000001.1.region002	639
GCF_902806455.1_Q1616_genomic-NZ_CADCWQ010000003.1.region001	643
GCF_947495635.1_4-139.fasta_genomic-NZ_CANMAB010000173.1.region001	669
GCF_947496135.1_145.fasta_genomic-NZ_CANMBQ010000176.1.region001	669
GCF_947496945.1_4-1022-2-3Z.fasta_genomic-NZ_CANMEY010000020.1.region001	669
GCF_947496945.1_4-1022-2-3Z.fasta_genomic-NZ_CANMEY010000021.1.region001	670
GCF_003667785.1_ASM366778v1_genomic-NZ_CP033046.1.region001	671
GCF_016919725.2_ASM1691972v2_genomic-NZ_JAJERH010000060.1.region001	671
GCF_018139605.1_ASM1813960v1_genomic-NZ_JAGSOT010000053.1.region001	671
GCF_027941815.1_ASM2794181v1_genomic-NZ_CP115959.1.region002	671
GCF_039521925.1_ASM3952192v1_genomic-NZ_BAAACY010000114.1.region001	671
GCF_947495635.1_4-139.fasta_genomic-NZ_CANMAB010000054.1.region001	671
GCF_947496135.1_145.fasta_genomic-NZ_CANMBQ010000054.1.region001	671
GCF_947496945.1_4-1022-2-3Z.fasta_genomic-NZ_CANMEY010000024.1.region001	671
